InvoiceNo,StockCode,Description,Quantity,InvoiceDate,UnitPrice,CustomerID,Country
536365,85123A,WHITE HANGING HEART T-LIGHT HOLDER,6,01-12-2010 08:26,2.55,17850,United Kingdom
536365,71053,WHITE METAL LANTERN,6,01-12-2010 08:26,3.39,17850,United Kingdom
536365,84406B,CREAM CUPID HEARTS COAT HANGER,8,01-12-2010 08:26,2.75,17850,United Kingdom
536365,84029G,KNITTED UNION FLAG HOT WATER BOTTLE,6,01-12-2010 08:26,3.39,17850,United Kingdom
536365,84029E,RED WOOLLY HOTTIE WHITE HEART.,6,01-12-2010 08:26,3.39,17850,United Kingdom
536365,22752,SET 7 BABUSHKA NESTING BOXES,2,01-12-2010 08:26,7.65,17850,United Kingdom
536365,21730,GLASS STAR FROSTED T-LIGHT HOLDER,6,01-12-2010 08:26,4.25,17850,United Kingdom
536366,22633,HAND WARMER UNION JACK,6,01-12-2010 08:28,1.85,17850,United Kingdom
536366,22632,HAND WARMER RED POLKA DOT,6,01-12-2010 08:28,1.85,17850,United Kingdom
536367,84879,ASSORTED COLOUR BIRD ORNAMENT,32,01-12-2010 08:34,1.69,13047,United Kingdom
536367,22745,POPPY'S PLAYHOUSE BEDROOM ,6,01-12-2010 08:34,2.1,13047,United Kingdom
536367,22748,POPPY'S PLAYHOUSE KITCHEN,6,01-12-2010 08:34,2.1,13047,United Kingdom
536367,22749,FELTCRAFT PRINCESS CHARLOTTE DOLL,8,01-12-2010 08:34,3.75,13047,United Kingdom
536367,22310,IVORY KNITTED MUG COSY ,6,01-12-2010 08:34,1.65,13047,United Kingdom
536367,84969,BOX OF 6 ASSORTED COLOUR TEASPOONS,6,01-12-2010 08:34,4.25,13047,United Kingdom
536367,22623,BOX OF VINTAGE JIGSAW BLOCKS ,3,01-12-2010 08:34,4.95,13047,United Kingdom
536367,22622,BOX OF VINTAGE ALPHABET BLOCKS,2,01-12-2010 08:34,9.95,13047,United Kingdom
536367,21754,HOME BUILDING BLOCK WORD,3,01-12-2010 08:34,5.95,13047,United Kingdom
536367,21755,LOVE BUILDING BLOCK WORD,3,01-12-2010 08:34,5.95,13047,United Kingdom
536367,21777,RECIPE BOX WITH METAL HEART,4,01-12-2010 08:34,7.95,13047,United Kingdom
536367,48187,DOORMAT NEW ENGLAND,4,01-12-2010 08:34,7.95,13047,United Kingdom
536368,22960,JAM MAKING SET WITH JARS,6,01-12-2010 08:34,4.25,13047,United Kingdom
536368,22913,RED COAT RACK PARIS FASHION,3,01-12-2010 08:34,4.95,13047,United Kingdom
536368,22912,YELLOW COAT RACK PARIS FASHION,3,01-12-2010 08:34,4.95,13047,United Kingdom
536368,22914,BLUE COAT RACK PARIS FASHION,3,01-12-2010 08:34,4.95,13047,United Kingdom
536369,21756,BATH BUILDING BLOCK WORD,3,01-12-2010 08:35,5.95,13047,United Kingdom
536370,22728,ALARM CLOCK BAKELIKE PINK,24,01-12-2010 08:45,3.75,12583,France
536370,22727,ALARM CLOCK BAKELIKE RED ,24,01-12-2010 08:45,3.75,12583,France
536370,22726,ALARM CLOCK BAKELIKE GREEN,12,01-12-2010 08:45,3.75,12583,France
536370,21724,PANDA AND BUNNIES STICKER SHEET,12,01-12-2010 08:45,0.85,12583,France
536370,21883,STARS GIFT TAPE ,24,01-12-2010 08:45,0.65,12583,France
536370,10002,INFLATABLE POLITICAL GLOBE ,48,01-12-2010 08:45,0.85,12583,France
536370,21791,VINTAGE HEADS AND TAILS CARD GAME ,24,01-12-2010 08:45,1.25,12583,France
536370,21035,SET/2 RED RETROSPOT TEA TOWELS ,18,01-12-2010 08:45,2.95,12583,France
536370,22326,ROUND SNACK BOXES SET OF4 WOODLAND ,24,01-12-2010 08:45,2.95,12583,France
536370,22629,SPACEBOY LUNCH BOX ,24,01-12-2010 08:45,1.95,12583,France
536370,22659,LUNCH BOX I LOVE LONDON,24,01-12-2010 08:45,1.95,12583,France
536370,22631,CIRCUS PARADE LUNCH BOX ,24,01-12-2010 08:45,1.95,12583,France
536370,22661,CHARLOTTE BAG DOLLY GIRL DESIGN,20,01-12-2010 08:45,0.85,12583,France
536370,21731,RED TOADSTOOL LED NIGHT LIGHT,24,01-12-2010 08:45,1.65,12583,France
536370,22900, SET 2 TEA TOWELS I LOVE LONDON ,24,01-12-2010 08:45,2.95,12583,France
536370,21913,VINTAGE SEASIDE JIGSAW PUZZLES,12,01-12-2010 08:45,3.75,12583,France
536370,22540,MINI JIGSAW CIRCUS PARADE ,24,01-12-2010 08:45,0.42,12583,France
536370,22544,MINI JIGSAW SPACEBOY,24,01-12-2010 08:45,0.42,12583,France
536370,22492,MINI PAINT SET VINTAGE ,36,01-12-2010 08:45,0.65,12583,France
536370,POST,POSTAGE,3,01-12-2010 08:45,18,12583,France
536371,22086,PAPER CHAIN KIT 50'S CHRISTMAS ,80,01-12-2010 09:00,2.55,13748,United Kingdom
536372,22632,HAND WARMER RED POLKA DOT,6,01-12-2010 09:01,1.85,17850,United Kingdom
536372,22633,HAND WARMER UNION JACK,6,01-12-2010 09:01,1.85,17850,United Kingdom
536373,85123A,WHITE HANGING HEART T-LIGHT HOLDER,6,01-12-2010 09:02,2.55,17850,United Kingdom
536373,71053,WHITE METAL LANTERN,6,01-12-2010 09:02,3.39,17850,United Kingdom
536373,84406B,CREAM CUPID HEARTS COAT HANGER,8,01-12-2010 09:02,2.75,17850,United Kingdom
536373,20679,EDWARDIAN PARASOL RED,6,01-12-2010 09:02,4.95,17850,United Kingdom
536373,37370,RETRO COFFEE MUGS ASSORTED,6,01-12-2010 09:02,1.06,17850,United Kingdom
536373,21871,SAVE THE PLANET MUG,6,01-12-2010 09:02,1.06,17850,United Kingdom
536373,21071,VINTAGE BILLBOARD DRINK ME MUG,6,01-12-2010 09:02,1.06,17850,United Kingdom
536373,21068,VINTAGE BILLBOARD LOVE/HATE MUG,6,01-12-2010 09:02,1.06,17850,United Kingdom
536373,82483,WOOD 2 DRAWER CABINET WHITE FINISH,2,01-12-2010 09:02,4.95,17850,United Kingdom
536373,82486,WOOD S/3 CABINET ANT WHITE FINISH,4,01-12-2010 09:02,6.95,17850,United Kingdom
536373,82482,WOODEN PICTURE FRAME WHITE FINISH,6,01-12-2010 09:02,2.1,17850,United Kingdom
536373,82494L,WOODEN FRAME ANTIQUE WHITE ,6,01-12-2010 09:02,2.55,17850,United Kingdom
536373,84029G,KNITTED UNION FLAG HOT WATER BOTTLE,6,01-12-2010 09:02,3.39,17850,United Kingdom
536373,84029E,RED WOOLLY HOTTIE WHITE HEART.,6,01-12-2010 09:02,3.39,17850,United Kingdom
536373,22752,SET 7 BABUSHKA NESTING BOXES,2,01-12-2010 09:02,7.65,17850,United Kingdom
536373,21730,GLASS STAR FROSTED T-LIGHT HOLDER,6,01-12-2010 09:02,4.25,17850,United Kingdom
536374,21258,VICTORIAN SEWING BOX LARGE,32,01-12-2010 09:09,10.95,15100,United Kingdom
536375,85123A,WHITE HANGING HEART T-LIGHT HOLDER,6,01-12-2010 09:32,2.55,17850,United Kingdom
536375,71053,WHITE METAL LANTERN,6,01-12-2010 09:32,3.39,17850,United Kingdom
536375,84406B,CREAM CUPID HEARTS COAT HANGER,8,01-12-2010 09:32,2.75,17850,United Kingdom
536375,20679,EDWARDIAN PARASOL RED,6,01-12-2010 09:32,4.95,17850,United Kingdom
536375,37370,RETRO COFFEE MUGS ASSORTED,6,01-12-2010 09:32,1.06,17850,United Kingdom
536375,21871,SAVE THE PLANET MUG,6,01-12-2010 09:32,1.06,17850,United Kingdom
536375,21071,VINTAGE BILLBOARD DRINK ME MUG,6,01-12-2010 09:32,1.06,17850,United Kingdom
536375,21068,VINTAGE BILLBOARD LOVE/HATE MUG,6,01-12-2010 09:32,1.06,17850,United Kingdom
536375,82483,WOOD 2 DRAWER CABINET WHITE FINISH,2,01-12-2010 09:32,4.95,17850,United Kingdom
536375,82486,WOOD S/3 CABINET ANT WHITE FINISH,4,01-12-2010 09:32,6.95,17850,United Kingdom
536375,82482,WOODEN PICTURE FRAME WHITE FINISH,6,01-12-2010 09:32,2.1,17850,United Kingdom
536375,82494L,WOODEN FRAME ANTIQUE WHITE ,6,01-12-2010 09:32,2.55,17850,United Kingdom
536375,84029G,KNITTED UNION FLAG HOT WATER BOTTLE,6,01-12-2010 09:32,3.39,17850,United Kingdom
536375,84029E,RED WOOLLY HOTTIE WHITE HEART.,6,01-12-2010 09:32,3.39,17850,United Kingdom
536375,22752,SET 7 BABUSHKA NESTING BOXES,2,01-12-2010 09:32,7.65,17850,United Kingdom
536375,21730,GLASS STAR FROSTED T-LIGHT HOLDER,6,01-12-2010 09:32,4.25,17850,United Kingdom
536376,22114,HOT WATER BOTTLE TEA AND SYMPATHY,48,01-12-2010 09:32,3.45,15291,United Kingdom
536376,21733,RED HANGING HEART T-LIGHT HOLDER,64,01-12-2010 09:32,2.55,15291,United Kingdom
536377,22632,HAND WARMER RED POLKA DOT,6,01-12-2010 09:34,1.85,17850,United Kingdom
536377,22633,HAND WARMER UNION JACK,6,01-12-2010 09:34,1.85,17850,United Kingdom
536378,22386,JUMBO BAG PINK POLKADOT,10,01-12-2010 09:37,1.95,14688,United Kingdom
536378,85099C,JUMBO  BAG BAROQUE BLACK WHITE,10,01-12-2010 09:37,1.95,14688,United Kingdom
536378,21033,JUMBO BAG CHARLIE AND LOLA TOYS,10,01-12-2010 09:37,2.95,14688,United Kingdom
536378,20723,STRAWBERRY CHARLOTTE BAG,10,01-12-2010 09:37,0.85,14688,United Kingdom
536378,84997B,RED 3 PIECE RETROSPOT CUTLERY SET,12,01-12-2010 09:37,3.75,14688,United Kingdom
536378,84997C,BLUE 3 PIECE POLKADOT CUTLERY SET,6,01-12-2010 09:37,3.75,14688,United Kingdom
536378,21094,SET/6 RED SPOTTY PAPER PLATES,12,01-12-2010 09:37,0.85,14688,United Kingdom
536378,20725,LUNCH BAG RED RETROSPOT,10,01-12-2010 09:37,1.65,14688,United Kingdom
536378,21559,STRAWBERRY LUNCH BOX WITH CUTLERY,6,01-12-2010 09:37,2.55,14688,United Kingdom
536378,22352,LUNCH BOX WITH CUTLERY RETROSPOT ,6,01-12-2010 09:37,2.55,14688,United Kingdom
536378,21212,PACK OF 72 RETROSPOT CAKE CASES,120,01-12-2010 09:37,0.42,14688,United Kingdom
536378,21975,PACK OF 60 DINOSAUR CAKE CASES,24,01-12-2010 09:37,0.55,14688,United Kingdom
536378,21977,PACK OF 60 PINK PAISLEY CAKE CASES,24,01-12-2010 09:37,0.55,14688,United Kingdom
536378,84991,60 TEATIME FAIRY CAKE CASES,24,01-12-2010 09:37,0.55,14688,United Kingdom
536378,84519A,TOMATO CHARLIE+LOLA COASTER SET,6,01-12-2010 09:37,2.95,14688,United Kingdom
536378,85183B,CHARLIE & LOLA WASTEPAPER BIN FLORA,48,01-12-2010 09:37,1.25,14688,United Kingdom
536378,85071B,RED CHARLIE+LOLA PERSONAL DOORSIGN,96,01-12-2010 09:37,0.38,14688,United Kingdom
536378,21931,JUMBO STORAGE BAG SUKI,10,01-12-2010 09:37,1.95,14688,United Kingdom
536378,21929,JUMBO BAG PINK VINTAGE PAISLEY,10,01-12-2010 09:37,1.95,14688,United Kingdom
536380,22961,JAM MAKING SET PRINTED,24,01-12-2010 09:41,1.45,17809,United Kingdom
536381,22139,RETROSPOT TEA SET CERAMIC 11 PC ,23,01-12-2010 09:41,4.25,15311,United Kingdom
536381,84854,GIRLY PINK TOOL SET,5,01-12-2010 09:41,4.95,15311,United Kingdom
536381,22411,JUMBO SHOPPER VINTAGE RED PAISLEY,10,01-12-2010 09:41,1.95,15311,United Kingdom
536381,82567,"AIRLINE LOUNGE,METAL SIGN",2,01-12-2010 09:41,2.1,15311,United Kingdom
536381,21672,WHITE SPOT RED CERAMIC DRAWER KNOB,6,01-12-2010 09:41,1.25,15311,United Kingdom
536381,22774,RED DRAWER KNOB ACRYLIC EDWARDIAN,24,01-12-2010 09:41,1.25,15311,United Kingdom
536381,22771,CLEAR DRAWER KNOB ACRYLIC EDWARDIAN,24,01-12-2010 09:41,1.25,15311,United Kingdom
536381,71270,PHOTO CLIP LINE,1,01-12-2010 09:41,1.25,15311,United Kingdom
536381,22262,FELT EGG COSY CHICKEN,1,01-12-2010 09:41,0.85,15311,United Kingdom
536381,22637,PIGGY BANK RETROSPOT ,1,01-12-2010 09:41,2.55,15311,United Kingdom
536381,21934,SKULL SHOULDER BAG,10,01-12-2010 09:41,1.65,15311,United Kingdom
536381,21169,YOU'RE CONFUSING ME METAL SIGN ,3,01-12-2010 09:41,1.69,15311,United Kingdom
536381,21166,COOK WITH WINE METAL SIGN ,1,01-12-2010 09:41,1.95,15311,United Kingdom
536381,21175,GIN + TONIC DIET METAL SIGN,2,01-12-2010 09:41,2.1,15311,United Kingdom
536381,37444A,YELLOW BREAKFAST CUP AND SAUCER,1,01-12-2010 09:41,2.95,15311,United Kingdom
536381,37444C,PINK BREAKFAST CUP AND SAUCER ,1,01-12-2010 09:41,2.95,15311,United Kingdom
536381,22086,PAPER CHAIN KIT 50'S CHRISTMAS ,4,01-12-2010 09:41,2.95,15311,United Kingdom
536381,22083,PAPER CHAIN KIT RETROSPOT,1,01-12-2010 09:41,2.95,15311,United Kingdom
536381,84971S,SMALL HEART FLOWERS HOOK ,6,01-12-2010 09:41,0.85,15311,United Kingdom
536381,71270,PHOTO CLIP LINE,3,01-12-2010 09:41,1.25,15311,United Kingdom
536381,47580,TEA TIME DES TEA COSY,2,01-12-2010 09:41,2.55,15311,United Kingdom
536381,22261,FELT EGG COSY WHITE RABBIT ,1,01-12-2010 09:41,0.85,15311,United Kingdom
536381,84832,ZINC WILLIE WINKIE  CANDLE STICK,1,01-12-2010 09:41,0.85,15311,United Kingdom
536381,22644,CERAMIC CHERRY CAKE MONEY BANK,1,01-12-2010 09:41,1.45,15311,United Kingdom
536381,21533,RETROSPOT LARGE MILK JUG,1,01-12-2010 09:41,4.95,15311,United Kingdom
536381,21557,SET OF 6 FUNKY BEAKERS,2,01-12-2010 09:41,2.95,15311,United Kingdom
536381,15056BL,EDWARDIAN PARASOL BLACK,2,01-12-2010 09:41,5.95,15311,United Kingdom
536381,15056N,EDWARDIAN PARASOL NATURAL,2,01-12-2010 09:41,5.95,15311,United Kingdom
536381,22646,CERAMIC STRAWBERRY CAKE MONEY BANK,4,01-12-2010 09:41,1.45,15311,United Kingdom
536381,22176,BLUE OWL SOFT TOY,1,01-12-2010 09:41,2.95,15311,United Kingdom
536381,22438,BALLOON ART MAKE YOUR OWN FLOWERS,1,01-12-2010 09:41,1.95,15311,United Kingdom
536381,21731,RED TOADSTOOL LED NIGHT LIGHT,2,01-12-2010 09:41,1.65,15311,United Kingdom
536381,22778,GLASS CLOCHE SMALL,3,01-12-2010 09:41,3.95,15311,United Kingdom
536381,22719,GUMBALL MONOCHROME COAT RACK,36,01-12-2010 09:41,1.06,15311,United Kingdom
536381,21523,DOORMAT FANCY FONT HOME SWEET HOME,10,01-12-2010 09:41,6.75,15311,United Kingdom
C536379,D,Discount,-1,01-12-2010 09:41,27.5,14527,United Kingdom
536382,10002,INFLATABLE POLITICAL GLOBE ,12,01-12-2010 09:45,0.85,16098,United Kingdom
536382,21912,VINTAGE SNAKES & LADDERS,8,01-12-2010 09:45,3.75,16098,United Kingdom
536382,21832,CHOCOLATE CALCULATOR,12,01-12-2010 09:45,1.65,16098,United Kingdom
536382,22411,JUMBO SHOPPER VINTAGE RED PAISLEY,10,01-12-2010 09:45,1.95,16098,United Kingdom
536382,22379,RECYCLING BAG RETROSPOT ,10,01-12-2010 09:45,2.1,16098,United Kingdom
536382,22381,TOY TIDY PINK POLKADOT,50,01-12-2010 09:45,1.85,16098,United Kingdom
536382,22798,ANTIQUE GLASS DRESSING TABLE POT,8,01-12-2010 09:45,2.95,16098,United Kingdom
536382,22726,ALARM CLOCK BAKELIKE GREEN,4,01-12-2010 09:45,3.75,16098,United Kingdom
536382,22926,IVORY GIANT GARDEN THERMOMETER,12,01-12-2010 09:45,5.95,16098,United Kingdom
536382,22839,3 TIER CAKE TIN GREEN AND CREAM,2,01-12-2010 09:45,14.95,16098,United Kingdom
536382,22838,3 TIER CAKE TIN RED AND CREAM,2,01-12-2010 09:45,14.95,16098,United Kingdom
536382,22783,SET 3 WICKER OVAL BASKETS W LIDS,4,01-12-2010 09:45,16.95,16098,United Kingdom
C536383,35004C,SET OF 3 COLOURED  FLYING DUCKS,-1,01-12-2010 09:49,4.65,15311,United Kingdom
536384,82484,WOOD BLACK BOARD ANT WHITE FINISH,3,01-12-2010 09:53,6.45,18074,United Kingdom
536384,84755,COLOUR GLASS T-LIGHT HOLDER HANGING,48,01-12-2010 09:53,0.65,18074,United Kingdom
536384,22464,HANGING METAL HEART LANTERN,12,01-12-2010 09:53,1.65,18074,United Kingdom
536384,21324,HANGING MEDINA LANTERN SMALL,6,01-12-2010 09:53,2.95,18074,United Kingdom
536384,22457,NATURAL SLATE HEART CHALKBOARD ,12,01-12-2010 09:53,2.95,18074,United Kingdom
536384,22469,HEART OF WICKER SMALL,40,01-12-2010 09:53,1.45,18074,United Kingdom
536384,22470,HEART OF WICKER LARGE,40,01-12-2010 09:53,2.55,18074,United Kingdom
536384,22224,WHITE LOVEBIRD LANTERN,6,01-12-2010 09:53,2.95,18074,United Kingdom
536384,21340,CLASSIC METAL BIRDCAGE PLANT HOLDER,2,01-12-2010 09:53,12.75,18074,United Kingdom
536384,22189,CREAM HEART CARD HOLDER,4,01-12-2010 09:53,3.95,18074,United Kingdom
536384,22427,ENAMEL FLOWER JUG CREAM,3,01-12-2010 09:53,5.95,18074,United Kingdom
536384,22428,ENAMEL FIRE BUCKET CREAM,6,01-12-2010 09:53,6.95,18074,United Kingdom
536384,22424,ENAMEL BREAD BIN CREAM,8,01-12-2010 09:53,10.95,18074,United Kingdom
536385,22783,SET 3 WICKER OVAL BASKETS W LIDS,1,01-12-2010 09:56,19.95,17420,United Kingdom
536385,22961,JAM MAKING SET PRINTED,12,01-12-2010 09:56,1.45,17420,United Kingdom
536385,22960,JAM MAKING SET WITH JARS,6,01-12-2010 09:56,4.25,17420,United Kingdom
536385,22663,JUMBO BAG DOLLY GIRL DESIGN,10,01-12-2010 09:56,1.95,17420,United Kingdom
536385,85049A,TRADITIONAL CHRISTMAS RIBBONS,12,01-12-2010 09:56,1.25,17420,United Kingdom
536385,22168,ORGANISER WOOD ANTIQUE WHITE ,2,01-12-2010 09:56,8.5,17420,United Kingdom
536385,22662,LUNCH BAG DOLLY GIRL DESIGN,10,01-12-2010 09:56,1.65,17420,United Kingdom
536386,84880,WHITE WIRE EGG HOLDER,36,01-12-2010 09:57,4.95,16029,United Kingdom
536386,85099C,JUMBO  BAG BAROQUE BLACK WHITE,100,01-12-2010 09:57,1.65,16029,United Kingdom
536386,85099B,JUMBO BAG RED RETROSPOT,100,01-12-2010 09:57,1.65,16029,United Kingdom
536387,79321,CHILLI LIGHTS,192,01-12-2010 09:58,3.82,16029,United Kingdom
536387,22780,LIGHT GARLAND BUTTERFILES PINK,192,01-12-2010 09:58,3.37,16029,United Kingdom
536387,22779,WOODEN OWLS LIGHT GARLAND ,192,01-12-2010 09:58,3.37,16029,United Kingdom
536387,22466,FAIRY TALE COTTAGE NIGHTLIGHT,432,01-12-2010 09:58,1.45,16029,United Kingdom
536387,21731,RED TOADSTOOL LED NIGHT LIGHT,432,01-12-2010 09:58,1.25,16029,United Kingdom
536388,21754,HOME BUILDING BLOCK WORD,3,01-12-2010 09:59,5.95,16250,United Kingdom
536388,21755,LOVE BUILDING BLOCK WORD,3,01-12-2010 09:59,5.95,16250,United Kingdom
536388,21523,DOORMAT FANCY FONT HOME SWEET HOME,2,01-12-2010 09:59,7.95,16250,United Kingdom
536388,21363,HOME SMALL WOOD LETTERS,3,01-12-2010 09:59,4.95,16250,United Kingdom
536388,21411,GINGHAM HEART  DOORSTOP RED,3,01-12-2010 09:59,4.25,16250,United Kingdom
536388,22318,FIVE HEART HANGING DECORATION,6,01-12-2010 09:59,2.95,16250,United Kingdom
536388,22464,HANGING METAL HEART LANTERN,12,01-12-2010 09:59,1.65,16250,United Kingdom
536388,22915,ASSORTED BOTTLE TOP  MAGNETS ,12,01-12-2010 09:59,0.42,16250,United Kingdom
536388,22922,FRIDGE MAGNETS US DINER ASSORTED,12,01-12-2010 09:59,0.85,16250,United Kingdom
536388,22969,HOMEMADE JAM SCENTED CANDLES,12,01-12-2010 09:59,1.45,16250,United Kingdom
536388,22923,FRIDGE MAGNETS LES ENFANTS ASSORTED,12,01-12-2010 09:59,0.85,16250,United Kingdom
536388,21115,ROSE CARAVAN DOORSTOP,4,01-12-2010 09:59,6.75,16250,United Kingdom
536388,22469,HEART OF WICKER SMALL,12,01-12-2010 09:59,1.65,16250,United Kingdom
536388,22242,5 HOOK HANGER MAGIC TOADSTOOL,12,01-12-2010 09:59,1.65,16250,United Kingdom
536389,22941,CHRISTMAS LIGHTS 10 REINDEER,6,01-12-2010 10:03,8.5,12431,Australia
536389,21622,VINTAGE UNION JACK CUSHION COVER,8,01-12-2010 10:03,4.95,12431,Australia
536389,21791,VINTAGE HEADS AND TAILS CARD GAME ,12,01-12-2010 10:03,1.25,12431,Australia
536389,35004C,SET OF 3 COLOURED  FLYING DUCKS,6,01-12-2010 10:03,5.45,12431,Australia
536389,35004G,SET OF 3 GOLD FLYING DUCKS,4,01-12-2010 10:03,6.35,12431,Australia
536389,85014B,RED RETROSPOT UMBRELLA,6,01-12-2010 10:03,5.95,12431,Australia
536389,85014A,BLACK/BLUE POLKADOT UMBRELLA,3,01-12-2010 10:03,5.95,12431,Australia
536389,22193,RED DINER WALL CLOCK,2,01-12-2010 10:03,8.5,12431,Australia
536389,22726,ALARM CLOCK BAKELIKE GREEN,4,01-12-2010 10:03,3.75,12431,Australia
536389,22727,ALARM CLOCK BAKELIKE RED ,4,01-12-2010 10:03,3.75,12431,Australia
536389,22192,BLUE DINER WALL CLOCK,2,01-12-2010 10:03,8.5,12431,Australia
536389,22191,IVORY DINER WALL CLOCK,2,01-12-2010 10:03,8.5,12431,Australia
536389,22195,LARGE HEART MEASURING SPOONS,24,01-12-2010 10:03,1.65,12431,Australia
536389,22196,SMALL HEART MEASURING SPOONS,24,01-12-2010 10:03,0.85,12431,Australia
536390,22941,CHRISTMAS LIGHTS 10 REINDEER,2,01-12-2010 10:19,8.5,17511,United Kingdom
536390,22960,JAM MAKING SET WITH JARS,12,01-12-2010 10:19,3.75,17511,United Kingdom
536390,22961,JAM MAKING SET PRINTED,12,01-12-2010 10:19,1.45,17511,United Kingdom
536390,22962,JAM JAR WITH PINK LID,48,01-12-2010 10:19,0.72,17511,United Kingdom
536390,22963,JAM JAR WITH GREEN LID,48,01-12-2010 10:19,0.72,17511,United Kingdom
536390,22968,ROSE COTTAGE KEEPSAKE BOX ,8,01-12-2010 10:19,8.5,17511,United Kingdom
536390,84970S,HANGING HEART ZINC T-LIGHT HOLDER,144,01-12-2010 10:19,0.64,17511,United Kingdom
536390,22910,PAPER CHAIN KIT VINTAGE CHRISTMAS,40,01-12-2010 10:19,2.55,17511,United Kingdom
536390,20668,DISCO BALL CHRISTMAS DECORATION,288,01-12-2010 10:19,0.1,17511,United Kingdom
536390,85123A,WHITE HANGING HEART T-LIGHT HOLDER,64,01-12-2010 10:19,2.55,17511,United Kingdom
536390,22197,SMALL POPCORN HOLDER,100,01-12-2010 10:19,0.72,17511,United Kingdom
536390,22198,LARGE POPCORN HOLDER ,50,01-12-2010 10:19,1.45,17511,United Kingdom
536390,21533,RETROSPOT LARGE MILK JUG,12,01-12-2010 10:19,4.25,17511,United Kingdom
536390,21080,SET/20 RED RETROSPOT PAPER NAPKINS ,96,01-12-2010 10:19,0.64,17511,United Kingdom
536876,22356,CHARLOTTE BAG PINK POLKADOT,3,03-12-2010 11:36,1.66,,United Kingdom
536876,22358,KINGS CHOICE TEA CADDY ,1,03-12-2010 11:36,5.91,,United Kingdom
536876,22360,GLASS JAR ENGLISH CONFECTIONERY,2,03-12-2010 11:36,5.91,,United Kingdom
536876,22361,GLASS JAR DAISY FRESH COTTON WOOL,1,03-12-2010 11:36,5.91,,United Kingdom
536876,22363,GLASS JAR MARMALADE ,1,03-12-2010 11:36,5.91,,United Kingdom
536876,22364,GLASS JAR DIGESTIVE BISCUITS,1,03-12-2010 11:36,5.91,,United Kingdom
536876,22365,DOORMAT RESPECTABLE HOUSE,1,03-12-2010 11:36,14.43,,United Kingdom
536876,22367,CHILDRENS APRON SPACEBOY DESIGN,1,03-12-2010 11:36,4.21,,United Kingdom
536876,22371,AIRLINE BAG VINTAGE TOKYO 78,3,03-12-2010 11:36,8.47,,United Kingdom
536876,22378,WALL TIDY RETROSPOT ,1,03-12-2010 11:36,4.21,,United Kingdom
536876,22379,RECYCLING BAG RETROSPOT ,4,03-12-2010 11:36,4.21,,United Kingdom
536876,22380,TOY TIDY SPACEBOY  ,2,03-12-2010 11:36,4.21,,United Kingdom
536876,22381,TOY TIDY PINK POLKADOT,1,03-12-2010 11:36,4.21,,United Kingdom
536876,22382,LUNCH BAG SPACEBOY DESIGN ,1,03-12-2010 11:36,4.21,,United Kingdom
536876,22384,LUNCH BAG PINK POLKADOT,1,03-12-2010 11:36,4.21,,United Kingdom
536876,22395,PAPERWEIGHT VINTAGE PAISLEY,1,03-12-2010 11:36,5.06,,United Kingdom
536876,22402,MAGNETS PACK OF 4 VINTAGE COLLAGE,1,03-12-2010 11:36,2.51,,United Kingdom
536876,22406,MONEY BOX KINGS CHOICE DESIGN,1,03-12-2010 11:36,2.51,,United Kingdom
536876,22413,METAL SIGN TAKE IT OR LEAVE IT ,2,03-12-2010 11:36,5.91,,United Kingdom
536876,22418,10 COLOUR SPACEBOY PEN,1,03-12-2010 11:36,1.66,,United Kingdom
536876,22419,LIPSTICK PEN RED,7,03-12-2010 11:36,0.85,,United Kingdom
536876,22420,LIPSTICK PEN BABY PINK,1,03-12-2010 11:36,0.85,,United Kingdom
536876,22421,LIPSTICK PEN FUSCHIA,2,03-12-2010 11:36,0.85,,United Kingdom
536876,22422,TOOTHPASTE TUBE PEN,1,03-12-2010 11:36,1.28,,United Kingdom
536876,22423,REGENCY CAKESTAND 3 TIER,40,03-12-2010 11:36,12.72,,United Kingdom
536876,22424,ENAMEL BREAD BIN CREAM,1,03-12-2010 11:36,25.49,,United Kingdom
536876,22444,GROW YOUR OWN PLANT IN A CAN ,5,03-12-2010 11:36,2.51,,United Kingdom
536876,22457,NATURAL SLATE HEART CHALKBOARD ,9,03-12-2010 11:36,5.91,,United Kingdom
536876,22460,EMBOSSED GLASS TEALIGHT HOLDER,1,03-12-2010 11:36,2.51,,United Kingdom
536876,22466,FAIRY TALE COTTAGE NIGHTLIGHT,5,03-12-2010 11:36,4.21,,United Kingdom
536876,22469,HEART OF WICKER SMALL,33,03-12-2010 11:36,3.36,,United Kingdom
536876,22470,HEART OF WICKER LARGE,4,03-12-2010 11:36,5.91,,United Kingdom
536876,22471,TV DINNER TRAY AIR HOSTESS ,1,03-12-2010 11:36,11.02,,United Kingdom
536876,22473,TV DINNER TRAY VINTAGE PAISLEY,1,03-12-2010 11:36,11.02,,United Kingdom
536876,22476,EMPIRE UNION JACK TV DINNER TRAY,1,03-12-2010 11:36,11.02,,United Kingdom
536876,22483,RED GINGHAM TEDDY BEAR ,1,03-12-2010 11:36,5.91,,United Kingdom
536876,22491,PACK OF 12 COLOURED PENCILS,2,03-12-2010 11:36,1.66,,United Kingdom
536876,22492,MINI PAINT SET VINTAGE ,2,03-12-2010 11:36,1.66,,United Kingdom
536876,22493,PAINT YOUR OWN CANVAS SET,2,03-12-2010 11:36,3.36,,United Kingdom
536876,22497,SET OF 2 TINS VINTAGE BATHROOM ,2,03-12-2010 11:36,8.47,,United Kingdom
536876,22501,PICNIC BASKET WICKER LARGE,1,03-12-2010 11:36,21.23,,United Kingdom
536876,22507,MEMO BOARD RETROSPOT  DESIGN,2,03-12-2010 11:36,11.02,,United Kingdom
536876,22530,MAGIC DRAWING SLATE DOLLY GIRL ,1,03-12-2010 11:36,0.85,,United Kingdom
536876,22531,MAGIC DRAWING SLATE CIRCUS PARADE  ,3,03-12-2010 11:36,0.85,,United Kingdom
536876,22534,MAGIC DRAWING SLATE SPACEBOY ,3,03-12-2010 11:36,0.85,,United Kingdom
536876,22539,MINI JIGSAW DOLLY GIRL,1,03-12-2010 11:36,0.85,,United Kingdom
536876,22540,MINI JIGSAW CIRCUS PARADE ,2,03-12-2010 11:36,0.85,,United Kingdom
536876,22544,MINI JIGSAW SPACEBOY,1,03-12-2010 11:36,0.85,,United Kingdom
536876,22545,MINI JIGSAW BUNNIES,1,03-12-2010 11:36,0.85,,United Kingdom
536876,22546,MINI JIGSAW PURDEY,1,03-12-2010 11:36,0.85,,United Kingdom
536876,22549,PICTURE DOMINOES,2,03-12-2010 11:36,3.36,,United Kingdom
536876,22551,PLASTERS IN TIN SPACEBOY,2,03-12-2010 11:36,3.36,,United Kingdom
536876,22553,PLASTERS IN TIN SKULLS,4,03-12-2010 11:36,3.36,,United Kingdom
536876,22554,PLASTERS IN TIN WOODLAND ANIMALS,2,03-12-2010 11:36,3.36,,United Kingdom
536876,22558,CLOTHES PEGS RETROSPOT PACK 24 ,2,03-12-2010 11:36,2.51,,United Kingdom
536876,22560,TRADITIONAL MODELLING CLAY,1,03-12-2010 11:36,2.51,,United Kingdom
536876,22567,20 DOLLY PEGS RETROSPOT,2,03-12-2010 11:36,2.51,,United Kingdom
536876,22568,FELTCRAFT CUSHION OWL,2,03-12-2010 11:36,7.62,,United Kingdom
536876,22569,FELTCRAFT CUSHION BUTTERFLY,1,03-12-2010 11:36,7.62,,United Kingdom
536876,22571,ROCKING HORSE RED CHRISTMAS ,7,03-12-2010 11:36,1.66,,United Kingdom
536876,22573,STAR WOODEN CHRISTMAS DECORATION,5,03-12-2010 11:36,1.66,,United Kingdom
536876,22574,HEART WOODEN CHRISTMAS DECORATION,4,03-12-2010 11:36,1.66,,United Kingdom
536876,22575,METAL MERRY CHRISTMAS WREATH,1,03-12-2010 11:36,4.21,,United Kingdom
536876,22576,SWALLOW WOODEN CHRISTMAS DECORATION,1,03-12-2010 11:36,1.66,,United Kingdom
536876,22577,WOODEN HEART CHRISTMAS SCANDINAVIAN,1,03-12-2010 11:36,1.66,,United Kingdom
536876,22578,WOODEN STAR CHRISTMAS SCANDINAVIAN,2,03-12-2010 11:36,1.66,,United Kingdom
536876,22580,ADVENT CALENDAR GINGHAM SACK,3,03-12-2010 11:36,11.87,,United Kingdom
536876,22581,WOOD STOCKING CHRISTMAS SCANDISPOT,4,03-12-2010 11:36,1.66,,United Kingdom
536876,22588,CARD HOLDER GINGHAM HEART,6,03-12-2010 11:36,5.06,,United Kingdom
536876,22589,CARDHOLDER GINGHAM STAR,4,03-12-2010 11:36,5.06,,United Kingdom
536876,22593,CHRISTMAS GINGHAM STAR,3,03-12-2010 11:36,1.66,,United Kingdom
536876,22594,CHRISTMAS GINGHAM TREE,2,03-12-2010 11:36,1.66,,United Kingdom
536876,22595,CHRISTMAS GINGHAM HEART,1,03-12-2010 11:36,1.66,,United Kingdom
536876,22600,CHRISTMAS RETROSPOT STAR WOOD,10,03-12-2010 11:36,1.66,,United Kingdom
536876,22601,CHRISTMAS RETROSPOT ANGEL WOOD,4,03-12-2010 11:36,1.66,,United Kingdom
536876,22603,CHRISTMAS RETROSPOT TREE WOOD,2,03-12-2010 11:36,1.66,,United Kingdom
536876,22609,PENS ASSORTED SPACEBALL,3,03-12-2010 11:36,1.66,,United Kingdom
536876,22619,SET OF 6 SOLDIER SKITTLES,1,03-12-2010 11:36,7.62,,United Kingdom
536876,22620,4 TRADITIONAL SPINNING TOPS,5,03-12-2010 11:36,2.51,,United Kingdom
536876,22621,TRADITIONAL KNITTING NANCY,1,03-12-2010 11:36,1.45,,United Kingdom
536876,22622,BOX OF VINTAGE ALPHABET BLOCKS,1,03-12-2010 11:36,21.23,,United Kingdom
536876,22624,IVORY KITCHEN SCALES,1,03-12-2010 11:36,16.98,,United Kingdom
536876,22626,BLACK KITCHEN SCALES,1,03-12-2010 11:36,16.98,,United Kingdom
536876,22627,MINT KITCHEN SCALES,1,03-12-2010 11:36,16.98,,United Kingdom
536876,22629,SPACEBOY LUNCH BOX ,3,03-12-2010 11:36,4.21,,United Kingdom
536876,22630,DOLLY GIRL LUNCH BOX,1,03-12-2010 11:36,4.21,,United Kingdom
536876,22645,CERAMIC HEART FAIRY CAKE MONEY BANK,1,03-12-2010 11:36,3.36,,United Kingdom
536876,22649,STRAWBERRY FAIRY CAKE TEAPOT,1,03-12-2010 11:36,11.02,,United Kingdom
536876,22651,GENTLEMAN SHIRT REPAIR KIT ,3,03-12-2010 11:36,1.66,,United Kingdom
536876,22654,DELUXE SEWING KIT ,2,03-12-2010 11:36,11.87,,United Kingdom
536876,22661,CHARLOTTE BAG DOLLY GIRL DESIGN,1,03-12-2010 11:36,1.66,,United Kingdom
536876,22664,TOY TIDY DOLLY GIRL DESIGN,1,03-12-2010 11:36,4.21,,United Kingdom
536876,22669,RED BABY BUNTING ,2,03-12-2010 11:36,5.91,,United Kingdom
536876,22675,FRENCH KITCHEN SIGN BLUE METAL,1,03-12-2010 11:36,2.51,,United Kingdom
536876,22694,WICKER STAR ,10,03-12-2010 11:36,4.21,,United Kingdom
536876,22697,GREEN REGENCY TEACUP AND SAUCER,7,03-12-2010 11:36,5.91,,United Kingdom
536876,22699,ROSES REGENCY TEACUP AND SAUCER ,1,03-12-2010 11:36,5.91,,United Kingdom
536876,22712,CARD DOLLY GIRL ,1,03-12-2010 11:36,0.85,,United Kingdom
536876,22717,CARD DOG AND BALL ,1,03-12-2010 11:36,0.85,,United Kingdom
536876,22726,ALARM CLOCK BAKELIKE GREEN,2,03-12-2010 11:36,7.62,,United Kingdom
536876,22728,ALARM CLOCK BAKELIKE PINK,3,03-12-2010 11:36,7.62,,United Kingdom
536876,22731,3D CHRISTMAS STAMPS STICKERS ,1,03-12-2010 11:36,2.51,,United Kingdom
536876,22734,SET OF 6 RIBBONS VINTAGE CHRISTMAS,1,03-12-2010 11:36,5.06,,United Kingdom
536876,22735,RIBBON REEL SOCKS AND MITTENS,1,03-12-2010 11:36,3.36,,United Kingdom
536876,22736,RIBBON REEL MAKING SNOWMEN ,2,03-12-2010 11:36,3.36,,United Kingdom
536876,22737,RIBBON REEL CHRISTMAS PRESENT ,2,03-12-2010 11:36,3.36,,United Kingdom
536876,22738,RIBBON REEL SNOWY VILLAGE,1,03-12-2010 11:36,3.36,,United Kingdom
536876,22739,RIBBON REEL CHRISTMAS SOCK BAUBLE,5,03-12-2010 11:36,3.36,,United Kingdom
536876,22743,MAKE YOUR OWN FLOWERPOWER CARD KIT,2,03-12-2010 11:36,5.91,,United Kingdom
536876,22745,POPPY'S PLAYHOUSE BEDROOM ,2,03-12-2010 11:36,4.21,,United Kingdom
536876,22746,POPPY'S PLAYHOUSE LIVINGROOM ,2,03-12-2010 11:36,4.21,,United Kingdom
536876,22748,POPPY'S PLAYHOUSE KITCHEN,1,03-12-2010 11:36,4.21,,United Kingdom
536876,22752,SET 7 BABUSHKA NESTING BOXES,2,03-12-2010 11:36,16.98,,United Kingdom
536876,22753,SMALL YELLOW BABUSHKA NOTEBOOK ,2,03-12-2010 11:36,1.66,,United Kingdom
536876,22754,SMALL RED BABUSHKA NOTEBOOK ,3,03-12-2010 11:36,1.66,,United Kingdom
536876,22755,SMALL PURPLE BABUSHKA NOTEBOOK ,1,03-12-2010 11:36,1.66,,United Kingdom
536876,22757,LARGE RED BABUSHKA NOTEBOOK ,2,03-12-2010 11:36,2.51,,United Kingdom
536876,22759,SET OF 3 NOTEBOOKS IN PARCEL,7,03-12-2010 11:36,3.36,,United Kingdom
536876,22760,"TRAY, BREAKFAST IN BED",2,03-12-2010 11:36,25.49,,United Kingdom
536876,22762,CUPBOARD 3 DRAWER MA CAMPAGNE,1,03-12-2010 11:36,29.79,,United Kingdom
536876,22768,FAMILY PHOTO FRAME CORNICE,1,03-12-2010 11:36,20.38,,United Kingdom
536876,22777,GLASS CLOCHE LARGE,2,03-12-2010 11:36,16.98,,United Kingdom
536876,22785,SQUARECUSHION COVER PINK UNION FLAG,1,03-12-2010 11:36,16.98,,United Kingdom
536876,22791,T-LIGHT GLASS FLUTED ANTIQUE,6,03-12-2010 11:36,2.51,,United Kingdom
536876,22795,SWEETHEART RECIPE BOOK STAND,1,03-12-2010 11:36,13.57,,United Kingdom
536876,22796,PHOTO FRAME 3 CLASSIC HANGING,1,03-12-2010 11:36,21.23,,United Kingdom
536876,22798,ANTIQUE GLASS DRESSING TABLE POT,1,03-12-2010 11:36,5.91,,United Kingdom
536876,22801,ANTIQUE GLASS PEDESTAL BOWL,1,03-12-2010 11:36,7.62,,United Kingdom
536876,22809,SET OF 6 T-LIGHTS SANTA,1,03-12-2010 11:36,5.91,,United Kingdom
536876,22810,SET OF 6 T-LIGHTS SNOWMEN,1,03-12-2010 11:36,5.91,,United Kingdom
536876,22811,SET OF 6 T-LIGHTS CACTI ,1,03-12-2010 11:36,5.91,,United Kingdom
536876,22812,PACK 3 BOXES CHRISTMAS PANNETONE,4,03-12-2010 11:36,4.21,,United Kingdom
536876,22813,PACK 3 BOXES BIRD PANNETONE ,1,03-12-2010 11:36,4.21,,United Kingdom
536876,22816,CARD MOTORBIKE SANTA,2,03-12-2010 11:36,0.85,,United Kingdom
536876,22818,CARD CHRISTMAS VILLAGE,1,03-12-2010 11:36,0.85,,United Kingdom
536876,22834,HAND WARMER BABUSHKA DESIGN,2,03-12-2010 11:36,4.21,,United Kingdom
536876,22835,HOT WATER BOTTLE I AM SO POORLY,9,03-12-2010 11:36,9.32,,United Kingdom
536876,22837,HOT WATER BOTTLE BABUSHKA ,1,03-12-2010 11:36,9.32,,United Kingdom
536876,22845,VINTAGE CREAM CAT FOOD CONTAINER,1,03-12-2010 11:36,12.72,,United Kingdom
536876,22851,SET 20 NAPKINS FAIRY CAKES DESIGN ,3,03-12-2010 11:36,1.66,,United Kingdom
536876,22862,LOVE HEART NAPKIN BOX ,1,03-12-2010 11:36,8.47,,United Kingdom
536876,22865,HAND WARMER OWL DESIGN,6,03-12-2010 11:36,4.21,,United Kingdom
536876,22866,HAND WARMER SCOTTY DOG DESIGN,5,03-12-2010 11:36,4.21,,United Kingdom
536876,22867,HAND WARMER BIRD DESIGN,9,03-12-2010 11:36,4.21,,United Kingdom
536876,22882,NUMBER TILE VINTAGE FONT 3,1,03-12-2010 11:36,4.21,,United Kingdom
536876,22884,NUMBER TILE VINTAGE FONT 5,1,03-12-2010 11:36,4.21,,United Kingdom
536876,22897,OVEN MITT APPLES DESIGN,1,03-12-2010 11:36,2.98,,United Kingdom
536876,22899,CHILDREN'S APRON DOLLY GIRL ,3,03-12-2010 11:36,4.21,,United Kingdom
536876,22900, SET 2 TEA TOWELS I LOVE LONDON ,3,03-12-2010 11:36,5.91,,United Kingdom
536876,22902,TOTE BAG I LOVE LONDON,1,03-12-2010 11:36,4.21,,United Kingdom
536876,22904,CALENDAR PAPER CUT DESIGN,4,03-12-2010 11:36,5.91,,United Kingdom
536876,22906,12 MESSAGE CARDS WITH ENVELOPES,4,03-12-2010 11:36,3.36,,United Kingdom
536876,22908,PACK OF 20 NAPKINS RED APPLES,1,03-12-2010 11:36,1.66,,United Kingdom
536876,22909,SET OF 20 VINTAGE CHRISTMAS NAPKINS,2,03-12-2010 11:36,1.66,,United Kingdom
536876,22910,PAPER CHAIN KIT VINTAGE CHRISTMAS,9,03-12-2010 11:36,5.91,,United Kingdom
536876,22915,ASSORTED BOTTLE TOP  MAGNETS ,1,03-12-2010 11:36,5.06,,United Kingdom
536876,22926,IVORY GIANT GARDEN THERMOMETER,1,03-12-2010 11:36,11.87,,United Kingdom
536876,22927,GREEN GIANT GARDEN THERMOMETER,1,03-12-2010 11:36,11.87,,United Kingdom